time,forecast,actual,index
00:00,109,88,low
00:30,92,81,low
01:00,85,80,low
01:30,74,81,low
02:00,75,83,low
02:30,81,90,moderate
03:00,84,97,moderate
03:30,91,100,moderate
04:00,91,110,moderate
04:30,97,128,moderate
05:00,102,133,moderate
05:30,110,128,moderate
06:00,113,128,moderate
06:30,114,110,moderate
07:00,106,104,moderate
07:30,103,103,moderate
08:00,88,95,moderate
08:30,95,86,low
09:00,89,79,low
09:30,77,68,low
10:00,75,66,low
10:30,63,74,low
11:00,61,67,low
11:30,69,66,low
12:00,63,72,low
12:30,56,75,low
13:00,61,75,low
13:30,77,78,low
14:00,72,88,low
14:30,77,98,moderate
15:00,94,111,moderate
15:30,104,133,moderate
16:00,107,140,moderate
16:30,124,144,moderate
17:00,143,146,moderate
17:30,145,140,moderate
18:00,134,138,moderate
18:30,129,126,moderate
19:00,125,118,moderate
19:30,117,109,moderate
20:00,107,102,moderate
20:30,98,101,moderate
21:00,86,95,moderate
21:30,83,101,moderate
22:00,77,98,moderate
22:30,74,94,moderate
23:00,71,87,low
23:30,65,81,low
